name,country,follower_count,products,shopid,ctime,rating_normal,rating_bad,rating_good,item_count,rating_star,shop_location,response_time,response_rate
68.Teesshop,VN,631,5,881529905,1665500965,1,2,8,5,3.909091,H√† N·ªôi,13941.0,1
HN-LUXURY,VN,325,23,593975378,1637057339,3,4,519,23,4.84472,Nam ƒê·ªãnh,2408.0,82
Junny6868,VN,1282,30,494847570,1626947858,38,16,461,30,4.603883,TP. H·ªì Ch√≠ Minh,,1
Hoodies24h,VN,852,9,877178625,1664946184,1,2,22,9,4.44,H√† N·ªôi,9138.0,7
Kenta38,VN,5000,8,875285529,1664681036,4,2,21,8,4.333333,H√† N·ªôi,10195.0,4
LeTissu.234,VN,179,70,294562609,1596945896,45,26,1290,70,4.711735,H·∫£i D∆∞∆°ng,884.0,81
Hopeshopz,VN,218,12,697006739,1645621692,1,3,59,12,4.730159,H√† N·ªôi,12435.0,2
Thenhatsneaker,VN,8930,109,69101124,1526065750,189,244,2103,109,4.334609,H·∫£i D∆∞∆°ng,12856.0,36
Ao_Bomber_Hoodie_68,VN,64,31,881273624,1665473102,0,3,659,31,4.952381,H·∫£i D∆∞∆°ng,1822.0,68
bingbing.official,VN,65757,187,237033806,1584529840,141,67,35641,187,4.943187,TP. H·ªì Ch√≠ Minh,5185.0,95
Lilyshopz,VN,254,12,706206910,1646363952,2,2,68,12,4.732394,H√† N·ªôi,13349.0,3
DepLeBaoBinhShop33.4,VN,1417,72,430577475,1619364960,335,375,2718,72,4.232737,H·∫£i D∆∞∆°ng,15985.0,44
Denim4u,VN,869,11,644920599,1641227119,38,11,303,11,4.552707,H√† N·ªôi,11264.0,3
Shop Gi√†y Linh Ni,VN,4414,29,130148136,1551426172,16,2,1136,29,4.887517,H√† N·ªôi,14159.0,93
Tomiihouse,VN,644,10,644856433,1641222435,21,32,180,10,4.138528,H√† N·ªôi,10197.0,4
bossluxury.store,VN,557,15,543437163,1632193447,0,0,122,15,5.0,H√† N·ªôi,4600.0,92
Tiny Clothes,VN,111170,99,161050540,1562508089,1233,280,49831,99,4.862175,H√† N·ªôi,3551.0,100
newhoodie2022,VN,254,22,613901940,1638697613,4,1,76,22,4.777778,TP. H·ªì Ch√≠ Minh,,9
giare01,VN,97132,552,18358096,1489714132,2295,1209,39322,552,4.705274,Nam ƒê·ªãnh,9964.0,60
Skygenz,VN,485,10,680168325,1644218261,5,4,74,10,4.578313,H√† N·ªôi,14314.0,1
Gi√†y D√©p Nam N·ªØ Genz,VN,14294,52,130225139,1551446965,309,168,11618,52,4.76925,H√† N·ªôi,4375.0,97
AESHOP0707,VN,117,21,16771696,1487396707,0,6,2845,21,4.967391,Nam ƒê·ªãnh,10347.0,63
h-h.1088,VN,4,20,841425393,1660462905,0,2,105,20,4.842105,H·∫£i D∆∞∆°ng,6837.0,77
HEMS FASHION,VN,125729,114,40021101,1508773469,975,421,29620,114,4.817804,Th√°i B√¨nh,4561.0,99
Ourtelity.Store,VN,646,6,882405529,1665625952,0,0,8,6,5.0,H√† N·ªôi,8133.0,3
Butadienz,VN,271,11,702302028,1646057934,2,1,63,11,4.787879,H√† N·ªôi,15306.0,3
Chumini,VN,7148,20,517027076,1629515774,0,0,727,20,4.964789,Nam ƒê·ªãnh,11692.0,85
PinkTop5,VN,11675,15,537788310,1631599201,357,220,3938,15,4.540292,H√† N·ªôi,13668.0,17
SamsamShopx,VN,594,11,593341048,1636996852,61,49,467,11,4.332162,H√† N·ªôi,13636.0,14
Timshopxz,VN,410,10,761876242,1651459617,2,2,67,10,4.728571,H√† N·ªôi,5987.0,2
Winter.OfficialStore,VN,3017,17,524992096,1630379372,0,0,23,17,5.0,H√† N·ªôi,,57
1hitshop,VN,1267416,222,71861331,1527523525,9524,1828,932533,222,4.940644,TP. H·ªì Ch√≠ Minh,963.0,99
yinx88store,VN,270,16,634525912,1640279054,3,9,64,16,4.381579,TP. H·ªì Ch√≠ Minh,,2
Kitmistore,VN,1110,9,662451722,1642691780,9,13,154,9,4.514286,H√† N·ªôi,16307.0,7
DShine12,VN,1253,6,880793399,1665412160,0,0,7,6,5.0,H√† N·ªôi,5466.0,3
Tee-Ayy F1,VN,1668,13,852155549,1661747592,17,6,298,13,4.718978,H√† N·ªôi,16759.0,45
Lowkey..Shop,VN,510,6,881548057,1665503140,0,0,5,6,5.0,H√† N·ªôi,9463.0,1
Nhuys_Store,VN,9,20,86428627,1535354166,0,0,20,20,5.0,Nam ƒê·ªãnh,,57
X∆∞·ªüng Th·ªùi Trang MoMoStore,VN,6675,69,293904210,1596816573,44,20,1012,69,4.787028,H√† N·ªôi,6788.0,92
Suneoshopm,VN,559,11,739028633,1649079209,9,19,121,11,4.243243,H√† N·ªôi,15260.0,8
SuperStorm Store,VN,43049,111,63168762,1522508589,575,175,15731,111,4.814008,TP. H·ªì Ch√≠ Minh,6510.0,98
winter_gen29,VN,7,36,827267420,1658840884,1,1,142,36,4.891892,H·∫£i D∆∞∆°ng,9662.0,73
Bomber.Studio,VN,1184,2,876929504,1664904284,1,0,12,2,4.692308,H√† N·ªôi,21751.0,1
GUVIA,VN,104698,297,343766038,1606147691,1005,289,89960,297,4.932403,TP. H·ªì Ch√≠ Minh,7642.0,91
Jeandeyne,VN,596,10,645938624,1641311754,6,0,79,10,4.694118,H√† N·ªôi,3382.0,2
Jaylei.Store,VN,575,6,880892076,1665421585,0,0,5,6,5.0,H√† N·ªôi,8762.0,5
Zasavyz,VN,438,10,760550179,1651287093,8,5,79,10,4.445652,H√† N·ªôi,11323.0,2
thoitrangbonmua01,VN,765,18,501816036,1627831109,0,0,162,18,5.0,H√† N·ªôi,,57
peony_2022,VN,426,10,649381050,1641612554,11,24,126,10,4.20625,TP. H·ªì Ch√≠ Minh,,1
NQ30_store,VN,250911,85,93418550,1538226755,1435,252,103160,85,4.916665,TP. H·ªì Ch√≠ Minh,2961.0,99
CheseeK.Store,VN,604,5,881657575,1665525448,0,0,5,5,5.0,H√† N·ªôi,9304.0,6
Unisex.shop3,VN,11722,23,89210712,1536473475,111,70,1572,23,4.583918,Nam ƒê·ªãnh,10352.0,88
 Kh√°nh Huy·ªÅn Store,VN,125973,256,30101962,1502179173,1762,849,58174,256,4.833776,H√† N·ªôi,11119.0,72
moda.studio,VN,166,8,883187777,1665735871,1,0,8,8,4.555556,TP. H·ªì Ch√≠ Minh,9859.0,32
Panamaxz,VN,367,10,761160943,1651365310,4,2,43,10,4.583333,H√† N·ªôi,,1
Guu House,VN,22835,414,255599109,1588172964,1113,506,14891,414,4.624591,H√† N·ªôi,15403.0,58
Unisex.Us Hn,VN,6608,33,68758172,1525855851,12,11,1127,33,4.817248,H√† N·ªôi,12763.0,73
LUCKY OFFICECIAL1,VN,4697,33,56661870,1518580987,0,0,661,33,5.0,Nam ƒê·ªãnh,1859.0,100
Bumbeda,VN,2181,17,847354975,1661172310,0,1,12,17,4.5,H√† N·ªôi,10141.0,77
levents.unisex,VN,633,10,726450608,1647932523,15,13,139,10,4.429448,TP. H·ªì Ch√≠ Minh,,35
mq511788528.vn,VN,23,439,819617086,1657970084,1,0,19,439,4.526316,Qu·ªëc T·∫ø,4934.0,64
Thu√Ω B√© - B√© Store,VN,78,21,45525839,1511937808,0,1,50,21,4.901961,H√† N·ªôi,1711.0,71
SOS Pijama,VN,2880,67,19100650,1490662145,12,8,236,67,4.666667,H√† N·ªôi,7763.0,72
Hiime Store,VN,262,39,537603863,1631581734,30,10,313,39,4.658046,H√† N·ªôi,12781.0,91
th·ªùi trang xu·∫•t kh·∫©u s√†i th√†nh,VN,1337,708,72741269,1527929591,26,28,501,708,4.63227,TP. H·ªì Ch√≠ Minh,6944.0,71
thanhngoc1988bn,VN,5591,88,86799790,1535528127,5,4,1035,88,4.95547,B·∫Øc Ninh,1113.0,69
levents_store,VN,740,97,153827596,1559917972,0,5,11,97,3.75,TP. H·ªì Ch√≠ Minh,2531.0,50
Shopmexoi,VN,4,7,308022472,1599725413,1,1,8,7,4.3,Thanh H√≥a,26550.0,47
Burab.vn,VN,3,227,777946779,1653287211,0,0,22,227,4.954545,Qu·ªëc T·∫ø,12765.0,67
Huongmiiaa,VN,127,21,828625567,1658993781,0,0,8,21,5.0,TP. H·ªì Ch√≠ Minh,6678.0,65
Trinh758,VN,3151,1014,2686115,1452416128,17,8,1317,1014,4.917012,B√¨nh D∆∞∆°ng,11878.0,76
Y&C¬†Store,VN,147,20,356483092,1607842663,0,0,3,20,5.0,Ngh·ªá An,1610.0,50
Th·ªùi Trang Tun,VN,3913,27,418205918,1617715698,55,13,2677,27,4.896487,H√† N·ªôi,7633.0,87
TO-MEN BRAND,VN,5,287,854406033,1662017634,0,0,41,287,5.0,TP. H·ªì Ch√≠ Minh,,9
Dingding Guangzhou,VN,378,52,596594464,1637284386,0,1,83,52,4.927711,Qu·ªëc T·∫ø,9722.0,43
AIV.STORE,VN,3677,109,745796114,1649764524,9,1,199,109,4.788462,TP. H·ªì Ch√≠ Minh,4270.0,99
AT¬†Shop¬†-¬†Fashion¬†Unisex,VN,2404,46,689661659,1644992264,2,1,185,46,4.930851,Long An,2543.0,86
TWOCE,VN,31340,73,6668061,1465573710,74,21,2846,73,4.865912,TP. H·ªì Ch√≠ Minh,13380.0,86
Chuy√™n ƒê√†o 86,VN,1,8,819701069,1657978076,0,0,9,8,5.0,H√† N·ªôi,1812.0,77
Lam.Th·∫£o.68,VN,2733,289,353628352,1607594431,0,1,260,289,4.937984,H√† N·ªôi,11708.0,56
nonolivee,VN,9343,52,235167250,1583943035,11,10,180,52,4.585859,TP. H·ªì Ch√≠ Minh,10824.0,57
Simpoo Shop,VN,10598,43,28286106,1500545345,233,146,9264,43,4.83559,TP. H·ªì Ch√≠ Minh,9629.0,79
tongkho_si_le_kathy04,VN,670,40,336802723,1605080432,77,58,2303,40,4.78516,TP. H·ªì Ch√≠ Minh,,2
Unibaby,VN,456,50,218546246,1578759184,0,0,29,50,5.0,H·∫£i Ph√≤ng,16941.0,78
ZEMY Store,VN,1727,45,725250460,1647912659,8,1,304,45,4.887821,H√† N·ªôi,7706.0,81
M·ªôc Boutique NT,VN,19,57,863738548,1663128335,0,2,14,57,4.5,L√¢m ƒê·ªìng,,57
Lucifer Fashion,VN,47,25,319650202,1602145961,2,0,95,25,4.936508,Nam ƒê·ªãnh,16097.0,62
V·∫£i Th·ªÉ Thao-L√≥t-L∆∞·ªõi,VN,24,14,549042252,1632790577,0,1,36,14,4.861111,TP. H·ªì Ch√≠ Minh,10907.0,54
heyyou_store8,VN,392,8,862472765,1662958933,4,1,16,8,4.380952,H√† N·ªôi,16049.0,68
Shop qu·∫ßn √°o - Nh·∫°n,VN,998,866,227315326,1581576723,28,25,783,866,4.751816,Qu·ªëc T·∫ø,17371.0,40
AUB Furniture,VN,81,26,704751884,1646246073,0,0,77,26,4.973684,H√† N·ªôi,12011.0,95
DIMEI ULZZANG,VN,25258,153,323557077,1602840285,34,10,1097,153,4.858834,Qu·ªëc T·∫ø,17073.0,37
best_2248,VN,2,18,855997592,1662212001,0,1,107,18,4.953488,H·∫£i D∆∞∆°ng,14020.0,80
Th·ªùi Trang Nam N·ªØ Gemini,VN,11337,178,362024552,1608697376,95,69,2125,178,4.716132,TP. H·ªì Ch√≠ Minh,6536.0,55
BLACK COINS,VN,5010,14,572991409,1635198974,24,21,435,14,4.637895,H√† N·ªôi,,16
NGOCANH CLOTHING,VN,464,102,262345181,1589509055,0,0,32,102,5.0,H√† N·ªôi,3085.0,95
Maianh Fashion@,VN,7032,69,844969158,1660881146,0,0,26,69,5.0,H·∫£i Ph√≤ng,195.0,50
DieuLinh Fashion,VN,3980,382,431898140,1619537502,27,43,234,382,4.19398,TP. H·ªì Ch√≠ Minh,8929.0,39
Shop Hclothes,VN,843,90,174782358,1567311140,10,14,114,90,4.335766,Thanh H√≥a,5089.0,90
karen254,VN,358,684,37455920,1507203537,0,0,152,684,5.0,H√† N·ªôi,2880.0,72
Shop Thi√™n D≈©ng,VN,47,6,224502971,1580698121,1,0,13,6,4.857143,B·∫Øc Ninh,5252.0,81
Unisex99.store,VN,6103,32,7556318,1467706597,108,127,1866,32,4.412437,Nam ƒê·ªãnh,17733.0,64
Gold Kids 2019,VN,354,385,137196567,1554047994,5,3,256,385,4.896414,Long An,17430.0,49
damai0014.vn,VN,74,972,778527927,1653356466,2,0,23,972,4.76,Qu·ªëc T·∫ø,7114.0,80
rockcrawleraothun,VN,87,2886,434643498,1619871827,4,3,71,2886,4.546875,H√† N·ªôi,,57
Lyen Costume Art,VN,5634,88,68215,1435517828,10,2,1677,88,4.965414,TP. H·ªì Ch√≠ Minh,445.0,45
Hello kids -ƒë·ªì xinh cho b√©,VN,10847,130,443016228,1620915195,0,0,40,130,5.0,Nam ƒê·ªãnh,2414.0,90
Anna bebe Official,VN,228,27,66679559,1524640897,0,0,25,27,5.0,TP. H·ªì Ch√≠ Minh,1353.0,100
LT997,VN,271,492,212591623,1576894688,31,37,597,492,4.570715,TP. H·ªì Ch√≠ Minh,14529.0,88
GenZ - Tee Official,VN,6977,373,110514025,1543808559,9,3,439,373,4.873589,Nam ƒê·ªãnh,14835.0,76
NangAnhChuyenSi,VN,7994,103,758450934,1651036373,100,10,5207,103,4.903083,H√† N·ªôi,5768.0,98
X∆∞·ªüng May Th·ªùi Trang Gi√° R·∫ªeee,VN,12030,326,557712492,1633683278,686,281,8909,326,4.637263,Thanh H√≥a,18598.0,76
V√¢n Shop,VN,31202,308,15670441,1485357851,118,39,2804,308,4.793797,H√† N·ªôi,4137.0,98
Enjoy Freedom,VN,6159,273,860235491,1662706431,14,0,560,273,4.773869,Qu·ªëc T·∫ø,14572.0,79
Jossie Blue,VN,7989,262,14636669,1483507339,9,3,442,262,4.891832,TP. H·ªì Ch√≠ Minh,7707.0,78
Serein.Clothing,VN,6079,41,121982595,1548137740,0,0,168,41,4.993243,TP. H·ªì Ch√≠ Minh,3294.0,94
rose_9x,VN,6941,130,55135761,1517588531,116,50,3473,130,4.84,H√† N·ªôi,706.0,88
Dickies Vietnam - Heli Store,VN,19666,184,35015210,1505550751,70,35,3517,184,4.871616,TP. H·ªì Ch√≠ Minh,9197.0,98
TRENDYSTW STORE,VN,25642,67,480276809,1625298764,234,73,9675,67,4.874647,ƒê√† N·∫µng,5068.0,99
tranga.store,VN,13909,221,114521180,1544864078,17,6,1067,221,4.889197,H√† N·ªôi,12332.0,46
D∆∞∆°ng Kids-Minkymom Store,VN,20619,139,106469911,1542699887,37,7,4460,139,4.954305,H√† N·ªôi,13011.0,62
TH·ªúI TRANG TANOLI,VN,1851,29,790181022,1654672776,8,1,245,29,4.866379,H√† N·ªôi,9671.0,85
TIBU_UNISEX,VN,41446,265,569425382,1634812471,283,69,7971,265,4.834463,TP. H·ªì Ch√≠ Minh,1315.0,98
Shop Q&V,VN,30393,811,401194819,1615441927,374,249,6921,811,4.671271,ƒê·∫Øk N√¥ng,7879.0,84
May D∆∞∆°ng Ng·ªçc,VN,326,37,140678883,1555512502,47,24,1533,37,4.817676,H√† N·ªôi,12789.0,59
themidside_,VN,78393,28,351232338,1607247084,329,94,11386,28,4.851735,TP. H·ªì Ch√≠ Minh,7597.0,82
B√®o Shop - Ch√¢n V√°y Ulzzang,VN,14725,310,465830047,1623559810,260,56,5646,310,4.789572,TP. H·ªì Ch√≠ Minh,6621.0,99
Bn_Fashion,VN,11179,25,750984769,1650292548,20,2,489,25,4.819742,TP. H·ªì Ch√≠ Minh,3772.0,97
NOUS_OUTLET,VN,8838,159,820819377,1658115781,12,1,422,159,4.906323,H√† N·ªôi,8748.0,76
hd4v9gdqnc,VN,1916,100,397780570,1614922970,311,481,3048,100,4.197468,H·∫£i D∆∞∆°ng,15192.0,50
Z.T Women's wear Studio,VN,6988,837,498871131,1627468317,57,25,822,837,4.706742,Qu·ªëc T·∫ø,4631.0,94
M·∫π Cu Bin-Th·ªùi Trang Tr·∫ª Em,VN,8361,137,717307547,1647276331,23,9,548,137,4.765038,Nam ƒê·ªãnh,5285.0,100
LiLa Kids - Qu·∫ßn √Åo Tr·∫ª Em,VN,26769,176,446793626,1621418744,191,43,7905,176,4.877277,H√† N·ªôi,1090.0,98
ohoh.official,VN,29393,42,343253835,1606067936,65,8,4086,42,4.926823,TP. H·ªì Ch√≠ Minh,3735.0,96
AKL shop,VN,2226,168,375785826,1611108871,22,2,1022,168,4.926337,H·∫£i Ph√≤ng,2209.0,97
huevu1234789,VN,7040,39,27485065,1499750786,45,7,1594,39,4.877301,Ph√∫ Y√™n,9429.0,83
Cholee.vn,VN,10539,12,805676713,1656465996,8,3,594,12,4.902135,H√† N·ªôi,2885.0,100
üåµTh·∫ø Gi·ªõi H√†ng QC‚õÖÔ∏è,VN,76553,236,86129621,1535197522,348,142,13447,236,4.864343,H√† N·ªôi,7974.0,87
95Gym - ƒê·ªì T·∫≠p Gym Yoga,VN,2234,177,156512013,1560934888,15,6,1230,177,4.927442,H√† N·ªôi,4660.0,93
ChinSu Shop ,VN,8397,74,226703825,1581388514,134,103,2716,74,4.631266,H√† N·ªôi,3123.0,97
√Åo Tem Xe,VN,776,38,69531932,1526357342,9,9,342,38,4.796089,TP. H·ªì Ch√≠ Minh,3085.0,82
Thuhuyen68,VN,5755,221,8153259,1469257236,150,47,9318,221,4.911073,H√† N·ªôi,1139.0,91
LINH DUBAI TH∆†ÃÄI TRANG NAM,VN,12850,105,424508901,1618565984,20,20,1859,105,4.828541,Qu·∫£ng Ninh,4094.0,72
NULA FASHION.vn,VN,907,754,801646253,1655996110,0,1,39,754,4.875,Qu·ªëc T·∫ø,16645.0,80
August25,VN,1099,224,30468432,1502454590,9,4,422,224,4.869976,TP. H·ªì Ch√≠ Minh,1463.0,55
1HOT_SHOP,VN,1552,105,334608014,1604850250,57,73,1031,105,4.563764,TP. H·ªì Ch√≠ Minh,11742.0,68
H&N Fashion Shop,VN,1844,43,127206116,1550471533,37,8,1687,43,4.901324,TP. H·ªì Ch√≠ Minh,4546.0,94
khogiaydepnam99,VN,674,48,128720436,1550930642,133,123,1520,48,4.436818,H·∫£i D∆∞∆°ng,14708.0,86
Ti·ªám¬†vintage26,VN,522,88,642590722,1641030516,2,0,33,88,4.828571,ƒê·∫Øk N√¥ng,9675.0,83
Th·ªùi Trang Bivita,VN,408,71,495119238,1626980149,106,46,583,71,4.30674,Nam ƒê·ªãnh,15890.0,41
Blueth268,VN,243,13,840327737,1660316641,0,0,81,13,5.0,H√† N·ªôi,2677.0,93
Siibe th·ªùi trang nam cao c·∫•p,VN,7189,188,142952468,1556427892,13,4,1021,188,4.923738,TP. H·ªì Ch√≠ Minh,3002.0,99
NH√Ä C√ì √îNG B√Ä,VN,1413,54,605358817,1638019523,7,1,316,54,4.902208,H√† N·ªôi,4181.0,96
RAYMAN,VN,1298,132,865704034,1663392312,0,0,332,132,4.996865,TP. H·ªì Ch√≠ Minh,7552.0,99
Three Bearss,VN,1617,248,576742513,1635584104,8,4,115,248,4.724409,Qu·ªëc T·∫ø,9480.0,96
TH·ªúI TRANG NAM Winkystore,VN,1366,27,207962048,1575948105,30,12,668,27,4.746799,ƒê·∫Øk L·∫Øk,4600.0,95
TAKA TH·ªúI TRANG NAM,VN,27296,418,296291045,1597316479,72,50,2026,418,4.725,TP. H·ªì Ch√≠ Minh,7771.0,77
BICO STUDIO,VN,4001,166,738058141,1648996112,53,38,1112,166,4.727429,ƒê·∫Øk N√¥ng,8081.0,86
HuyKenShop,VN,9334,398,159946767,1562159326,264,169,3439,398,4.51524,TP. H·ªì Ch√≠ Minh,9436.0,88
C.O.C House,VN,7799,82,229471578,1582255436,17,4,1637,82,4.936039,TP. H·ªì Ch√≠ Minh,6538.0,87
1994Since,VN,6536,113,86347764,1535304802,95,28,1747,113,4.723086,Nam ƒê·ªãnh,7706.0,91
TodayisSunday,VN,586,6,882962619,1665704971,0,0,6,6,5.0,H√† N·ªôi,3206.0,18
Boogie shop2,VN,4098,225,503000754,1627984691,23,18,602,225,4.739617,Qu·ªëc T·∫ø,5812.0,85
LeemunShop,VN,2833,111,283394073,1594291276,17,6,197,111,4.654545,H√† N·ªôi,731.0,90
Dream Mod.vn,VN,1277,189,374919397,1610956034,20,10,1202,189,4.884774,Qu·ªëc T·∫ø,16705.0,81
Daisy Store 1998,VN,6004,60,422511315,1618309215,72,25,1008,60,4.659066,H√† N·ªôi,6848.0,84
JULYS__STORE,VN,180666,1075,1871916,1448300497,191,28,32657,1075,4.963021,H√† N·ªôi,6615.0,99
üåª KenKids Shop üåª,VN,7477,589,27211089,1499426833,294,100,25210,589,4.934302,TP. H·ªì Ch√≠ Minh,7560.0,100
KiotViet Seller Testing 422,VN,1,13,720068069,1647482779,0,0,0,13,,H√† N·ªôi,,57
T-YOO,VN,24546,415,419394380,1617874328,210,148,6684,415,4.795753,Qu·ªëc T·∫ø,5925.0,83
maithule123,VN,21541,155,69161938,1526112223,237,98,3230,155,4.649485,Ngh·ªá An,,1
trico.vietnam.vn,VN,79589,599,345875119,1606453259,345,135,10422,599,4.826578,Qu·ªëc T·∫ø,3611.0,95
KEM.STUDIO,VN,668,41,765586691,1651855184,1,0,114,41,4.961905,B·∫Øc Ninh,5719.0,96
I-SW.VN,VN,1063,460,379984136,1611836524,17,10,159,460,4.516129,Qu·ªëc T·∫ø,12066.0,77
Shop GG th·ªùi trang nam n·ªØ,VN,7050,194,319285508,1602070863,286,117,6821,194,4.744292,H√† N·ªôi,10479.0,86
jldcfs.vn,VN,1091,140,452255484,1622081670,17,13,424,140,4.740991,Qu·ªëc T·∫ø,20854.0,53
Say Boutique,VN,387,26,115606642,1545305546,0,0,236,26,4.964912,TP. H·ªì Ch√≠ Minh,393.0,79
lananh.china,VN,17991,106,165877943,1564193342,158,106,4778,106,4.801375,H√† N·ªôi,25475.0,12
bunbunsrote8626,VN,6222,61,291753186,1596359566,55,27,1568,61,4.758268,H√† N·ªôi,5383.0,96
TheBeautyHouse99,VN,114,616,784509317,1654066397,5,3,479,616,4.903226,TP. H·ªì Ch√≠ Minh,17194.0,67
Kho S·ªâ SuSu,VN,3218,85,285952053,1594911112,14,4,1006,85,4.93667,TP. H·ªì Ch√≠ Minh,5478.0,91
DHL.STUDIO,VN,1738,32,747365979,1649928435,72,38,928,32,4.604418,H√† N·ªôi,18986.0,54
Summer  AD.vn,VN,3656,537,567656706,1634632226,33,12,678,536,4.795014,Qu·ªëc T·∫ø,6400.0,88
X∆∞·ªüng √°o ph√¥ng 17K,VN,3770,4978,1302509,1445668795,160,111,1873,4978,4.542957,H√† N·ªôi,,1
Baolaiwu.vn,VN,33,47,768381058,1652178796,2,1,39,47,4.785714,Qu·ªëc T·∫ø,6974.0,85
NUTRA CLOSET (√Åo kho√°c QC),VN,4155,349,7602838,1467863638,34,10,1520,349,4.876302,TP. H·ªì Ch√≠ Minh,3691.0,98
CHUY√äN H√ÄNG VNXK D∆Ø X·ªäN,VN,6083,3489,5655887,1463203561,34,7,4766,3489,4.961373,H∆∞ng Y√™n,3557.0,88
Hoa C∆∞·ªùi - Th·ªùi trang m·∫π v√† b√©,VN,8751,143,25637113,1497535371,184,127,3853,143,4.740995,H√† N·ªôi,5184.0,89
halanshop boutique,VN,204446,517,6332837,1464848775,1639,581,66486,517,4.867372,TP. H·ªì Ch√≠ Minh,12162.0,93
Mira Boutique HN,VN,385,35,53847853,1516843769,4,0,108,35,4.899083,H√† N·ªôi,8533.0,66
Hichi.store,VN,34512,689,485965900,1625921845,66,17,5599,689,4.939507,H√† N·ªôi,15634.0,35
xiai1 Mall,VN,670,938,450819609,1621910265,5,5,118,938,4.690476,Qu·ªëc T·∫ø,12971.0,79
Hi·ªáu ƒë·ªì 90s,VN,5003,60,16976010,1487749570,39,11,1448,60,4.870219,TP. H·ªì Ch√≠ Minh,7807.0,91
YTong1   Mall,VN,833,757,570184047,1634893870,10,7,153,757,4.627219,Qu·ªëc T·∫ø,14621.0,70
Minastore.official,VN,697,108,7166414,1466622758,0,0,75,108,5.0,TP. H·ªì Ch√≠ Minh,2125.0,99
NangClothing_X∆∞·ªüngMayTh·ªùiTrang,VN,2754,49,553975903,1633312922,50,21,1493,49,4.828363,ƒê√† N·∫µng,54.0,7
THE NOTE OFFICIAL,VN,2385,25,77241065,1530513279,9,4,589,25,4.910806,TP. H·ªì Ch√≠ Minh,19164.0,64
liutao_303.vn,VN,219,401,822452089,1658295169,3,0,17,401,4.684211,Qu·ªëc T·∫ø,16521.0,59
T·ªïng¬†Kho¬†H·∫£i¬†Tr√¨nh¬†Tb,VN,278,375,780580312,1653586760,8,7,67,375,4.3375,Th√°i B√¨nh,13367.0,80
CH·ª¢ S·ªà H√ÄNG XU·∫§T JAPAN 457,VN,1513,220,57845341,1519393330,8,1,416,220,4.931034,TP. H·ªì Ch√≠ Minh,2655.0,90
Shop m·∫π Boss - Nous H√† n·ªôi,VN,6711,191,13824811,1481739554,31,20,4957,191,4.955589,H√† N·ªôi,5329.0,46
lullabybaby Shop,VN,8414,293,100638761,1541105816,17,11,1453,293,4.919421,H√† N·ªôi,2306.0,56
HUDU SHOPS,VN,5097,125,62296350,1521989686,159,63,3133,125,4.745614,TP. H·ªì Ch√≠ Minh,12.0,22
MinZy_Store_82,VN,2080,32,79613947,1531757439,12,6,345,32,4.786111,Thanh H√≥a,7795.0,85
huwaiyundong108.vn,VN,18,508,796721246,1655439400,0,0,7,508,5.0,Qu·ªëc T·∫ø,15448.0,28
HClothes,VN,10703,130,189869677,1571481013,94,63,880,130,4.475538,H√† N·ªôi,32216.0,9
Mr.wolf.vn,VN,8664,506,423834136,1618470308,53,57,1744,506,4.767093,Qu·ªëc T·∫ø,2401.0,98
seiseili,VN,19013,1526,372925644,1610601136,135,97,977,1527,4.3425,Qu·ªëc T·∫ø,5538.0,99
MOUSE.,VN,2041,8,428470491,1619089017,3,1,773,8,4.97878,TP. H·ªì Ch√≠ Minh,1871.0,100
heyyou_store,VN,264,9,862451662,1662956326,11,4,49,9,4.28125,H√† N·ªôi,,57
namdinh_shop,VN,53,63,438266187,1620276669,5,3,16,63,3.956522,Nam ƒê·ªãnh,3802.0,50
Hachi_Fashion,VN,660,224,472770538,1624373403,39,24,532,224,4.47806,TP. H·ªì Ch√≠ Minh,8383.0,94
H·∫†NH HO√ÄNG DESIGN,VN,7315,196,306324741,1599487184,22,9,1076,196,4.893186,H·∫£i D∆∞∆°ng,16802.0,39
huangxb.vn,VN,2195,503,450960621,1621925588,214,140,4625,503,4.720534,Qu·ªëc T·∫ø,5880.0,84
Valent store,VN,198,45,376843035,1611286640,0,0,68,45,4.939394,H√† N·ªôi,1534.0,93
dubaishop9999,VN,32,1334,771670508,1652544745,0,1,19,1334,4.777778,TP. H·ªì Ch√≠ Minh,16351.0,30
MY¬†SHOP¬†clothing,VN,146,114,332297004,1604471471,1,1,14,114,4.5625,ƒê√† N·∫µng,2057.0,94
Wboutique.store.vn,VN,2729,389,593635023,1637029676,14,11,301,389,4.695385,Qu·ªëc T·∫ø,11629.0,81
Khuy·∫øn kh√≠ch,VN,2871,162,575962585,1635500707,32,26,761,162,4.737948,Qu·ªëc T·∫ø,10915.0,86
lilys_store,VN,3548,130,304859479,1599186529,0,2,353,130,4.971154,H√† N·ªôi,1662.0,92
ktrip,VN,15411,253,73635242,1528354534,187,63,9438,253,4.885042,H√† N·ªôi,7434.0,91
wujiaru.vn,VN,3502,194,328890080,1603867914,99,82,1535,194,4.601303,Qu·ªëc T·∫ø,11050.0,73
hienthaoshop123,VN,5913,523,53032700,1516335520,77,26,1899,523,4.808704,H√† N·ªôi,6242.0,87
Ai Bei Court,VN,198,993,834594434,1659693738,1,0,41,993,4.928571,Qu·ªëc T·∫ø,3674.0,99
Linh Store910,VN,42308,143,47420923,1512981098,872,336,12253,143,4.67324,H√† N·ªôi,12913.0,92
NH√Ä C·ª¶A GIUN,VN,374,64,10387678,1474972948,1,0,38,64,4.921053,Qu·∫£ng Ng√£i,4645.0,98
Montana Clothing,VN,28253,23,142173349,1556171283,327,96,7875,23,4.797709,TP. H·ªì Ch√≠ Minh,11823.0,76
order_quangc,VN,13637,73,243285604,1586430482,86,25,2799,73,4.838148,H√† N·ªôi,11356.0,70
Unisex H√† N·ªôi,VN,2372,183,650012215,1641657647,7,2,149,183,4.78481,H√† N·ªôi,2176.0,99
mentalboss.official,VN,3283,65,65821359,1524141468,18,5,448,65,4.795506,TP. H·ªì Ch√≠ Minh,4546.0,94
pongshop,VN,56139,224,235589828,1584084713,178,70,2792,224,4.698852,TP. H·ªì Ch√≠ Minh,9701.0,92
meishangfu.vn,VN,4145,393,837671126,1660012521,18,12,87,393,4.17094,Qu·ªëc T·∫ø,6303.0,94
chipmunk_bebe,VN,186,31,16484343,1486881951,0,0,13,31,5.0,H√† N·ªôi,1669.0,69
L'all√©e,VN,16232,99,807402114,1656655298,42,48,1778,99,4.782317,H√† N·ªôi,2135.0,95
X∆∞·ªüng may VNXK Tr√¢n Tr√¢n.,VN,5624,76,278451111,1593158939,56,16,2880,76,4.896743,TP. H·ªì Ch√≠ Minh,15573.0,68
EL Nino Store,VN,882,27,555048786,1633419250,27,8,378,27,4.694581,H√† N·ªôi,1386.0,100
Shopmens HN,VN,43475,226,69329517,1526217621,765,625,16347,226,4.618049,H√† N·ªôi,5885.0,49
Fany¬Æ Official Store,VN,390,102,156586728,1560954844,0,1,463,102,4.969095,TP. H·ªì Ch√≠ Minh,3557.0,48
ttshopgiare,VN,39157,435,48322160,1513350098,742,238,19285,435,4.805167,TP. H·ªì Ch√≠ Minh,3782.0,97
minhtam1408,VN,28595,474,38903681,1508073035,82,41,2442,474,4.831292,TP. H·ªì Ch√≠ Minh,12273.0,29
thaituyenbi,VN,8888,336,190737631,1571739178,38,14,1036,336,4.831793,H√† N·ªôi,16143.0,64
SHOP √ÅO GAME VIP,VN,113,2118,371224766,1610333226,7,9,142,2118,4.46087,H√† N·ªôi,16026.0,8
IAMCOCO,VN,18242,205,295347869,1597116988,28,7,958,205,4.874112,TP. H·ªì Ch√≠ Minh,6658.0,93
Meo Unisex,VN,13365,219,35615067,1505994568,112,68,3741,219,4.811198,TP. H·ªì Ch√≠ Minh,4323.0,99
Toudnow.Studio,VN,586,5,882778215,1665670505,0,0,6,5,5.0,H√† N·ªôi,4058.0,1
heyyou068,VN,124,8,869717746,1663923497,1,1,8,8,4.4,H√† N·ªôi,16701.0,42
saigon_he,VN,1601,143,275090870,1592316495,129,100,2612,143,4.699349,TP. H·ªì Ch√≠ Minh,7218.0,96
WHXYQH.vn,VN,10477,331,713300941,1646966383,48,36,758,331,4.613095,Qu·ªëc T·∫ø,11892.0,52
mymyshopzz,VN,9690,158,143508620,1556595743,59,29,2035,158,4.835643,H√† N·ªôi,1934.0,89
avaler1309,VN,472,210,53170901,1516421726,14,10,544,210,4.863309,H√† Nam,,3
Pik Rui Office,VN,32644,115,49800273,1514275747,411,230,7791,115,4.718908,TP. H·ªì Ch√≠ Minh,13789.0,82
MoonShop - VNXK & Qu·∫£ng Ch√¢u,VN,14439,210,9644771,1473146486,29,11,2428,210,4.938436,Th√°i B√¨nh,5366.0,83
22.Tidiclothing,VN,96097,405,118103415,1546494762,61,9,7601,405,4.957162,B√¨nh D∆∞∆°ng,15034.0,82
notbadchoice,VN,3832,125,300098523,1598158278,23,8,906,125,4.848975,TP. H·ªì Ch√≠ Minh,11880.0,71
z99_store,VN,295,11,688659048,1644908159,6,4,126,11,4.721805,TP. H·ªì Ch√≠ Minh,,57
Eloise Shop,VN,6033,36,80361863,1532144449,16,11,519,36,4.799263,H√† N·ªôi,7103.0,91
new33879.vn,VN,13,452,734699426,1648650805,0,0,22,452,4.909091,Qu·ªëc T·∫ø,6550.0,45
adames.vn,VN,2485,6710,455324222,1622431738,28,28,1219,6710,4.828829,Qu·ªëc T·∫ø,8.0,99
1996 STORE'S,VN,9731,661,235571704,1584080741,106,58,1235,661,4.59058,Th√°i Nguy√™n,4481.0,89
Th·ªùi trang Anh Beo,VN,627,23,26147443,1498098674,0,0,53,23,4.981132,Nam ƒê·ªãnh,1888.0,50
Honglinhtran¬†(H√†ng¬†√öc¬†ƒêi¬†Air),VN,300,131,13753535,1481622488,3,1,242,131,4.939914,H√† N·ªôi,3004.0,84
lihongxia123.vn,VN,549,1180,768374274,1652178085,4,2,44,1180,4.612245,Qu·ªëc T·∫ø,10208.0,89
‚ùÄLemonningmeng‚ùÄ,VN,100746,1673,286270805,1594991914,783,452,15009,1673,4.723462,Qu·ªëc T·∫ø,16184.0,71
Quyn store,VN,23039,484,686755687,1644745499,263,58,4490,484,4.7634,H√† N·ªôi,11331.0,88
Phomaisayshi / Clothes & more,VN,8631,29,70575441,1526921714,2,1,643,29,4.971743,H√† N·ªôi,14082.0,48
B52.STORE - √Åo Len Nam,VN,12955,59,202501645,1574560931,55,28,1253,59,4.777692,H√† N·ªôi,11933.0,90
daisies.studio,VN,36007,548,391021741,1613898777,66,27,5003,548,4.926406,ƒê√† N·∫µng,2356.0,99
Ruby Shop CT,VN,6047,138,296644508,1597394556,10,0,1560,138,4.976253,C·∫ßn Th∆°,5382.0,89
Orange Closet,VN,14057,148,721266226,1647571817,100,27,5373,148,4.893182,H√† N·ªôi,5945.0,99
Kho S·ªâ H√†ng Xu·∫•t D∆∞,VN,13485,1369,16850384,1487526728,103,54,5058,1369,4.889048,Ki√™n Giang,10374.0,77
KAZY STUDIOS - Th·ªùi trang n·ªØ ,VN,6441,53,737292811,1648918170,44,17,1451,53,4.834887,H√† N·ªôi,8182.0,94
PERFEXT,VN,1947,26,546828511,1632547902,10,2,342,26,4.866071,TP. H·ªì Ch√≠ Minh,2557.0,97
TI·ªÜM NH√Ä HERI,VN,3016,121,66650192,1524629811,7,0,566,121,4.970315,TP. H·ªì Ch√≠ Minh,5342.0,93
LAVUBA,VN,2117,37,442427544,1620827661,8,2,905,37,4.935279,H√† N·ªôi,4179.0,92
Bananashopz,VN,606,10,730927975,1648303980,4,1,94,10,4.838384,H√† N·ªôi,12120.0,7
cloudy.order,VN,1718,24,463352539,1623260071,0,1,181,24,4.93956,C·∫ßn Th∆°,1772.0,100
Bigsize Hanu ,VN,4432,192,194711657,1572777033,20,4,649,192,4.863363,H√† N·ªôi,3782.0,87
MENFIT OFFICIAL ,VN,69178,206,166358215,1564372467,15,14,2220,206,4.933612,TP. H·ªì Ch√≠ Minh,6815.0,93
ulzzanggirl.vn,VN,1810,298,86690178,1535467533,2,1,76,298,4.848101,H√† N·ªôi,2021.0,83
ShopCandyBB,VN,3552,339,14921754,1484006732,59,9,3126,339,4.904685,TP. H·ªì Ch√≠ Minh,8322.0,86
Min shopp,VN,2945,228,18111660,1489393545,12,5,975,228,4.92418,H√† N·ªôi,4123.0,96
Donna_closet,VN,3233,51,838912135,1660144416,1,0,91,51,4.956522,H√† N·ªôi,7317.0,100
MISSOUT,VN,442208,56,80102701,1531999318,1335,488,56923,56,4.874074,TP. H·ªì Ch√≠ Minh,1999.0,100
jennynguyenshop2018,VN,6036,148,188272308,1571023848,23,5,1937,148,4.938442,B√¨nh D∆∞∆°ng,12312.0,61
Cheap sales,VN,584,624,411601572,1616838819,56,35,943,624,4.6765,H√† N·ªôi,6656.0,92
Store-XuanQuy,VN,10035,33,261640357,1589364818,8,7,82,33,4.378947,Nam ƒê·ªãnh,2936.0,60
sezomall.vn,VN,121834,1704,415356045,1617341349,770,449,19833,1704,4.793953,Qu·ªëc T·∫ø,11661.0,89
Dragonbyboi - DGB,VN,60598,40,148023117,1558083176,190,47,8528,40,4.887635,TP. H·ªì Ch√≠ Minh,11794.0,77
Idol style store,VN,43396,1191,90444707,1536853777,269,78,5792,1191,4.785086,H√† N·ªôi,4580.0,89
EVA 2020,VN,23298,113,231522499,1582882661,79,23,3675,113,4.893447,TP. H·ªì Ch√≠ Minh,12304.0,86
TeeHolic - √Åo Thun Unisex,VN,76170,187,8834940,1470975417,103,24,8296,187,4.931451,TP. H·ªì Ch√≠ Minh,3507.0,96
KIZI CIZY,VN,16314,68,212526197,1576859599,110,35,8913,68,4.942588,L√†o Cai,8175.0,42
Th·ªùi trang Teens Unisex,VN,3175,329,314058614,1600967495,32,34,312,329,4.385027,H√† N·ªôi,15516.0,55
Partiality,VN,7,271,842956175,1660644215,0,0,13,271,4.846154,Qu·ªëc T·∫ø,14451.0,65
VIETGANGZ BROTHERHOOD,VN,17122,211,368644420,1609901263,40,19,1747,211,4.881006,TP. H·ªì Ch√≠ Minh,13343.0,45
Uni Baby ,VN,9412,154,695634809,1645512089,15,5,1635,154,4.94821,TP. H·ªì Ch√≠ Minh,1546.0,94
Shopthoitrang057,VN,47,29,294324532,1596888675,3,3,326,29,4.803571,H√† N·ªôi,3140.0,96
Pure18.vn,VN,1327,1355,829208738,1659064135,7,5,147,1355,4.712418,Qu·ªëc T·∫ø,15603.0,42
RS Children's Clothing Store,VN,1233,1169,798391552,1655618975,1,3,108,1169,4.801802,Qu·ªëc T·∫ø,3698.0,97
SIRO7_OFFICAL,VN,2268,18,691163436,1645110579,15,7,243,18,4.645933,H√† N·ªôi,12153.0,45
Izabels Authentic,VN,5366,261,10820284,1475949827,24,8,2254,261,4.9396,H√† N·ªôi,9388.0,23
Th·ªùi Trang Uniex,VN,14213,94,132368975,1552190904,228,71,6385,94,4.808824,H√† N·ªôi,2746.0,98
MAXX SPORT,VN,2437,78,494639155,1626923508,61,51,813,78,4.563842,H√† N·ªôi,2961.0,80
ShopSaiGonMen,VN,22650,82,18401770,1489756720,190,111,5159,82,4.775393,TP. H·ªì Ch√≠ Minh,16299.0,50
MAISON DE MAS,VN,5077,80,410405475,1616671440,14,2,1317,80,4.953893,TP. H·ªì Ch√≠ Minh,3567.0,96
FFStore,VN,51102,268,195271254,1572925073,265,67,16225,268,4.913936,TP. H·ªì Ch√≠ Minh,7792.0,99
Forever WithLove,VN,858,24,252551583,1587490905,2,0,123,24,4.936,TP. H·ªì Ch√≠ Minh,2745.0,96
Ice women's blouse T shirt.vn,VN,716,930,765331444,1651831545,14,4,91,930,4.466667,Qu·ªëc T·∫ø,16792.0,60
B√∫p hehe,VN,1753,239,295029533,1597045150,5,3,341,239,4.902077,TP. H·ªì Ch√≠ Minh,3226.0,76
Ti·ªám¬†nh√† Rin,VN,136,52,681136769,1644299093,0,0,21,52,4.952381,Qu·∫£ng Ng√£i,9170.0,81
childlikeinnocence.vn,VN,818,250,864507103,1663226350,1,1,19,250,4.619048,Qu·ªëc T·∫ø,6783.0,85
Kho √Åo Anh Ba,VN,6420,66,602600599,1637804958,0,0,29,66,5.0,ƒê·∫Øk L·∫Øk,5950.0,82
√Åo Thun nam LIYOR,VN,61437,293,27174606,1499396085,527,193,25432,293,4.884456,TP. H·ªì Ch√≠ Minh,2281.0,98
Baby Teeth,VN,22086,37,466691142,1623662360,52,16,2010,37,4.870781,TP. H·ªì Ch√≠ Minh,4456.0,91
T-Ju Street Style,VN,19937,170,307118103,1599621171,68,19,3788,170,4.914353,H√† N·ªôi,12974.0,86
zhikuang.vn,VN,13663,2786,301605142,1598483776,286,139,5198,2786,4.717104,Qu·ªëc T·∫ø,2954.0,79
Shop Trung Ni√™n Ricky Men 2,VN,2657,18,27043928,1499244941,3,14,305,18,4.735016,B√¨nh D∆∞∆°ng,2822.0,100
chill.x69,VN,113,8,869043112,1663833100,0,0,13,8,4.923077,H√† N·ªôi,17064.0,12
YAME Dress Design,VN,28827,267,727478545,1648004438,68,23,1750,267,4.796903,H√† N·ªôi,8835.0,80
NK_USPORT,VN,2169,420,202113165,1574422683,6,0,127,420,4.890625,TP. H·ªì Ch√≠ Minh,6164.0,93
√Åo Kho√°c Th·ªùi Trang KVSHOP,VN,160,122,257218971,1588514510,0,0,127,122,4.981982,TP. H·ªì Ch√≠ Minh,5418.0,98
YOYO BIGSiZE SHOP,VN,12499,341,632464663,1640097668,157,85,2327,341,4.6808,Qu·ªëc T·∫ø,6577.0,84
wjamm918.vn,VN,265,648,842225412,1660558245,1,0,43,648,4.818182,Qu·ªëc T·∫ø,3962.0,100
NaCha_ Shop,VN,4117,36,605842802,1638069427,14,1,525,36,4.904858,TP. H·ªì Ch√≠ Minh,6366.0,83
YY women's clothing store,VN,414,610,780817722,1653623632,4,5,37,610,4.282609,Qu·ªëc T·∫ø,4525.0,97
QU√Ä T·∫∂NG ANIME,VN,480,1928,393369931,1614309267,30,11,446,1928,4.64951,H√† N·ªôi,18146.0,22
ESSENTIALS VI·ªÜT NAM,VN,639,13,628779148,1639769714,15,4,129,13,4.586207,TP. H·ªì Ch√≠ Minh,7444.0,65
Chang Lian.CB,VN,14602,568,545478633,1632399142,152,106,2019,568,4.59246,Qu·ªëc T·∫ø,12329.0,83
An.Di_vnxk,VN,5485,621,55597826,1517887849,6,0,641,621,4.957746,TP. H·ªì Ch√≠ Minh,3215.0,96
OM DESIGN,VN,13408,126,79569124,1531742124,23,6,713,126,4.841463,H√† N·ªôi,13031.0,84
Hannieshop.vn,VN,42040,120,82995114,1533487094,81,17,3712,120,4.882788,C·∫ßn Th∆°,13259.0,83
csd.vn,VN,6567,480,80847338,1532395936,131,81,1280,480,4.477673,Qu·ªëc T·∫ø,9470.0,85
vyuyen18,VN,585,91,157000857,1561112012,4,3,119,91,4.760331,S∆°n La,16290.0,34
Naughty girl.vn,VN,76,434,872435481,1664281775,0,0,1,434,5.0,Qu·ªëc T·∫ø,7645.0,93
Magic Mart,VN,1102,508,689495614,1644980484,0,0,11,508,4.909091,TP. H·ªì Ch√≠ Minh,9840.0,13
Nh√† Th·ªè Babies,VN,1920,89,292496901,1596529070,5,1,661,89,4.951368,ƒê√† N·∫µng,5998.0,71
Goo Store - Chuy√™n ƒê·ªì Ph∆∞·ª£t,VN,5,12,884287873,1665895936,0,0,109,12,5.0,TP. H·ªì Ch√≠ Minh,3897.0,91
hangtuohutong2.vn,VN,2169,2181,457137294,1622618324,34,22,1003,2181,4.781369,Qu·ªëc T·∫ø,14193.0,81
T 4Men,VN,6576,486,735907540,1648779524,0,0,35,486,4.971429,TP. H·ªì Ch√≠ Minh,2897.0,96
tubeeshop,VN,45880,125,116194910,1545571973,237,80,21557,125,4.934769,TP. H·ªì Ch√≠ Minh,9435.0,94
MIN.Oder.China,VN,602,121,314721944,1601117109,0,1,37,121,4.894737,Th·ª´a Thi√™n Hu·∫ø,4290.0,87
Th·ªùi trang hot trend 666,VN,5159,298,854916880,1662083164,1,2,89,298,4.802817,H√† N·ªôi,5225.0,100
X∆∞·ªüng v√°y ch·ªëng n·∫Øng An Nhi√™n,VN,2918,58,142327105,1556239941,21,5,2120,58,4.942681,ƒê·ªìng Nai,8153.0,100
Jiang_store,VN,3208,44,603805453,1637901054,4,4,338,44,4.877076,H√† N·ªôi,1894.0,100
The.Laz1,VN,1833,133,842207309,1660556238,0,0,400,133,5.0,TP. H·ªì Ch√≠ Minh,8416.0,74
Ola.kids,VN,1787,62,884382878,1665908252,0,0,10,62,5.0,H√† N·ªôi,10925.0,83
Dickie.1922,VN,1309,87,111815334,1544228247,2,0,161,87,4.957055,H√† N·ªôi,3735.0,97
FanQing,VN,1013,18,754571487,1650633341,0,0,6,18,4.833333,TP. H·ªì Ch√≠ Minh,12607.0,37
Shop6166an,VN,5021,298,279749707,1593487129,168,49,5348,298,4.848501,C·∫ßn Th∆°,14534.0,68
Giaƒë√¨nhnh·ªè.vuiv·∫ª,VN,209,34,151640021,1559114008,5,1,364,34,4.888889,H√† N·ªôi,8909.0,82
phulieumaymacchatluongcaogiare,VN,382,278,187099856,1570690378,8,8,531,278,4.882012,TP. H·ªì Ch√≠ Minh,7445.0,81
Kimi.vn,VN,30896,358,38626233,1507889652,98,22,3025,358,4.844839,TP. H·ªì Ch√≠ Minh,2023.0,96
NABIMINT SHOP,VN,9362,506,112211103,1544348943,47,30,829,506,4.684564,H√† N·ªôi,12323.0,56
D Store92,VN,224,618,349334632,1606961308,9,10,243,618,4.695238,TP. H·ªì Ch√≠ Minh,12187.0,56
Natatu,VN,485,12,67241547,1524968390,6,1,119,12,4.83871,TP. H·ªì Ch√≠ Minh,6853.0,81
ciara.vn_,VN,22582,618,262217260,1589471276,105,42,1350,618,4.658406,H√† N·ªôi,10670.0,85
swe.vn,VN,288378,123,68468986,1525685688,236,94,14449,123,4.904671,TP. H·ªì Ch√≠ Minh,4321.0,99
blackmonkey.saigon,VN,8510,22,238837497,1585114143,42,22,567,22,4.652866,TP. H·ªì Ch√≠ Minh,7853.0,85
Shop_Thu_Bio _98,VN,29884,86,350548753,1607143811,84,41,1070,86,4.612245,Thanh H√≥a,12643.0,83
S√≥i Store 2 _ Tr√πm S·ªâ Bigsize,VN,1875,31,74932090,1529151151,85,37,2635,31,4.820007,TP. H·ªì Ch√≠ Minh,13301.0,69
OSAKA FASHION,VN,126,738,316855936,1601568636,4,4,49,738,4.472727,TP. H·ªì Ch√≠ Minh,17174.0,38
Th·ªùi trang tr·∫ª em_Anhduongkids,VN,4604,114,35452332,1505885057,35,8,1244,114,4.875304,H√† N·ªôi,2249.0,94
Th√πy D∆∞∆°ng Kids-Xu·∫•t d∆∞ & Auth,VN,10777,653,13302677,1480856554,21,15,2123,653,4.933207,ƒêi·ªán Bi√™n,13412.0,75
ShopDiXin,VN,586,537,489883172,1626310925,16,11,77,537,4.057692,TP. H·ªì Ch√≠ Minh,6261.0,95
v·∫≠t t∆∞ y t·∫ø ho√†ng long,VN,46,753,788490150,1654497214,0,0,28,753,5.0,H√† N·ªôi,14819.0,73
M A G I D O,VN,26478,486,165975024,1564220210,196,138,2824,486,4.517067,H√† N·ªôi,17443.0,60
bubupham,VN,1608,1278,4201666,1458731287,10,2,1305,1278,4.958958,B·∫Øc Ninh,1483.0,90
bongkidsxx,VN,86362,6376,60813915,1521121797,354,141,62875,6376,4.967579,Ngh·ªá An,10124.0,87
üéÄR·¥ÄÃ£ÃÇ·¥ò ƒê&·¥õüéÄ,VN,9503,1795,86724362,1535498201,20,26,575,1795,4.711304,Gia Lai,14191.0,52
Kun.Unisex,VN,13374,220,361441203,1608603369,5,3,271,220,4.850909,TP. H·ªì Ch√≠ Minh,13043.0,78
Fashion Universe,VN,537,246,824170609,1658489230,6,10,47,246,4.112903,Qu·ªëc T·∫ø,6632.0,73
Nhung M·ªôc Boutique,VN,14499,455,237904168,1584795634,87,48,1733,455,4.731326,H·∫£i Ph√≤ng,8654.0,93
H & V Store,VN,41711,189,57031084,1518868171,900,425,15915,189,4.715105,TP. H·ªì Ch√≠ Minh,12868.0,83
XINHH STORE,VN,4818,136,51797689,1515564116,2,1,437,136,4.96347,H√† N·ªôi,1853.0,97
Ng·ªçc Sam Chuy√™n S·ªâ,VN,6638,467,20849528,1492878206,194,107,7018,467,4.841031,TP. H·ªì Ch√≠ Minh,3118.0,48
Yota Store - Denim On Denim,VN,38293,379,61456523,1521519275,53,13,2714,379,4.901297,H√† N·ªôi,8206.0,96
DT Fashion - MenWear -,VN,1249,488,766204616,1651931257,23,34,593,488,4.6543,H√† N·ªôi,10134.0,86
Clo.Essential,VN,4350,69,767482890,1652084300,5,1,347,69,4.917379,TP. H·ªì Ch√≠ Minh,8168.0,83
miss_out68,VN,112,8,869727753,1663924870,4,0,11,8,4.4,H√† N·ªôi,14509.0,10
dancer.vn,VN,1874,430,428203612,1619055629,4,14,160,430,4.571429,Qu·ªëc T·∫ø,11089.0,61
For your beauty.vn,VN,4773,266,493396382,1626763747,49,41,1949,266,4.827935,Qu·ªëc T·∫ø,9095.0,98
nanniaoma.vn,VN,218,465,640562306,1640834999,5,6,84,465,4.542553,Qu·ªëc T·∫ø,5663.0,77
cooPure Official,VN,6877,219,414698958,1617246930,20,9,791,219,4.851334,H√† N·ªôi,11875.0,76
GIDI - QU·∫¶N √ÅO UNISEX,VN,80008,260,391238970,1613936955,220,70,16878,260,4.923952,TP. H·ªì Ch√≠ Minh,7488.0,97
Nous mu·ªëi baby,VN,6571,119,422652939,1618325826,8,3,1941,119,4.973465,H√† N·ªôi,1946.0,92
TH·ªúI TRANG VI·ªÜT H∆Ø·ªöNG BURBER,VN,77,214,525613655,1630431975,3,9,12,214,3.125,ƒê·∫Øk L·∫Øk,8424.0,74
N-Shop Ph·ª• Ki·ªán Ph∆∞·ª£t,VN,445,75,7981082,1468831686,12,8,416,75,4.82093,TP. H·ªì Ch√≠ Minh,6630.0,77
LyLy Nguy·ªÖn - Order China,VN,800,219,118018006,1546444083,3,1,435,219,4.951691,L√†o Cai,2869.0,96
Delia F√°hion Store,VN,10172,7,650842691,1641730358,0,1,77,7,4.928571,Th·ª´a Thi√™n Hu·∫ø,6416.0,94
Lona Store.,VN,3110,94,176634731,1567786775,6,3,772,94,4.947083,H√† N·ªôi,2926.0,97
Ti√™Ã£m taÃ£p hoÃÅa 3T,VN,34565,151,41805471,1509933740,99,26,6258,151,4.901812,H√† N·ªôi,7997.0,71
Vardino Store,VN,3158,67,74776210,1529041959,6,9,842,67,4.909646,H√† N·ªôi,3598.0,95
LULLABY BABY OFFICIAL,VN,84589,475,75714058,1529633867,855,511,59087,475,4.908522,H√† N·ªôi,10515.0,57
CHAGN.ORDER CHINA,VN,7153,698,35519045,1505919890,11,5,999,698,4.925,H√† N·ªôi,12381.0,81
Nh√≠m Shop (Porcupine),VN,4037,378,18151915,1489450956,13,14,335,378,4.69209,Nam ƒê·ªãnh,6323.0,81
THEDOOMSDAY OFFICIAL STORE,VN,20217,52,325266538,1603179144,33,13,1495,52,4.880626,TP. H·ªì Ch√≠ Minh,1918.0,97
zenkodlmen,VN,11230,392,16663207,1487210035,1952,2365,11893,392,3.995601,H√† N·ªôi,12859.0,77
GODOCLOTHING,VN,60295,102,435834614,1620023328,98,28,4116,102,4.887828,H√† N·ªôi,10398.0,76
Shop Th·ªùi Trang_VN,VN,284,48,600713192,1637648342,17,27,311,48,4.4613,TP. H·ªì Ch√≠ Minh,22179.0,12
Babe I'm Real,VN,7378,386,21820679,1494048592,8,12,326,386,4.74344,H√† N·ªôi,6396.0,85
spearl.fashion,VN,6630,147,157668577,1561363644,6,3,184,147,4.846995,H√† N·ªôi,19035.0,22
T·ªïng s·ªâ ƒë·ªì gia d·ª•ng Thu Huy·ªÅn,VN,2009,55,537954864,1631616075,9,4,414,55,4.87234,H√† N·ªôi,19189.0,68
Chinny Shop,VN,250,84,41429156,1509695575,5,2,620,84,4.951374,TP. H·ªì Ch√≠ Minh,516.0,99
Dino.store88,VN,156,8,885490439,1666068221,0,0,7,8,5.0,H√† N·ªôi,,57
sime.vn,VN,6574,177,65289563,1523855436,4,1,300,177,4.917763,TP. H·ªì Ch√≠ Minh,15658.0,32
Fb: nguy·ªÖn thu hi·ªÅn,VN,697,129,58893753,1519995565,10,4,269,129,4.817857,H√† N·ªôi,3184.0,94
longtee_unisex,VN,21580,114,39345992,1508368991,165,20,4855,114,4.849869,ƒê√† N·∫µng,2275.0,95
Bestshop,VN,471,143,6562182,1465359110,31,13,793,143,4.799751,TP. H·ªì Ch√≠ Minh,7313.0,95
Lana Shop HCM,VN,34040,218,20727571,1492744186,576,148,12882,218,4.788983,TP. H·ªì Ch√≠ Minh,11214.0,86
Walenty Suit n·ªØ thi·∫øt k·∫ø,VN,5451,98,216829090,1578233026,3,4,874,98,4.946759,TP. H·ªì Ch√≠ Minh,6053.0,89
phamhuongshop196,VN,12374,293,46586677,1512534761,175,43,3843,293,4.792895,H√† N·ªôi,1650.0,97
L·∫∑t V·∫∑t My T·ª≠ng,VN,456,615,119487024,1547082465,9,5,224,615,4.772152,ƒê·∫Øk L·∫Øk,5322.0,91
H√¨H√¨ Stores,VN,11977,233,227366965,1581588228,26,2,1703,233,4.950675,H√† N·ªôi,2870.0,95
Khosikhanhlinh2910,VN,16854,358,129517710,1551182701,30,14,653,358,4.721386,T√¢y Ninh,6441.0,85
greenorder.vn,VN,697,60,794633502,1655195097,0,0,46,60,5.0,H√† N·ªôi,11880.0,80
Th·ªùi Trang Mei China,VN,10595,18,528929192,1630766731,0,0,56,18,4.944444,ƒê√† N·∫µng,3754.0,91
Hana Kid88,VN,1632,52,537996777,1631619723,2,0,41,52,4.880952,H√† N·ªôi,1456.0,41
N·∫Øng Fashion,VN,13600,43,4968569,1461293221,42,18,1689,43,4.850332,H√† N·ªôi,2421.0,88
ƒê·ªì th·ªÉ thao nam n·ªØ gi√° r·∫ª SP,VN,7898,197,152085882,1559231672,155,76,2636,197,4.699964,TP. H·ªì Ch√≠ Minh,7433.0,95
ngoctrung20012009,VN,202,2922,217129644,1578324158,19,8,363,2922,4.704319,H√† N·ªôi,,57
T-A-N,VN,435,163,89788513,1536581132,6,3,139,163,4.75,TP. H·ªì Ch√≠ Minh,4821.0,99
vigorgirl.vn,VN,1342,169,166664952,1564476077,42,10,1496,169,4.887426,Qu·ªëc T·∫ø,26804.0,23
DRAGON.UN,VN,1511,143,64987866,1523669992,37,20,485,143,4.606343,TP. H·ªì Ch√≠ Minh,2897.0,94
GenZ Clothing,VN,15629,61,409134324,1616513371,198,44,8508,61,4.866474,H√† N·ªôi,3865.0,99
Qu·ª≥nh trang shop _1990,VN,4167,162,11194656,1476757678,58,17,2479,162,4.880797,Qu·∫£ng Ninh,2301.0,89
Sweetie_Chip,VN,768,148,58261551,1519642867,0,0,46,148,5.0,B√¨nh Thu·∫≠n,7340.0,91
Chipushopi,VN,576,12,730979785,1648307820,2,4,49,12,4.509091,H√† N·ªôi,17446.0,4
Kemboutifull.vn,VN,41363,82,415401630,1617347562,25,11,876,82,4.845088,Ninh B√¨nh,5313.0,94
Women's clothing~ÔºÅ@,VN,89,959,844426354,1660813438,2,0,15,959,4.666667,Qu·ªëc T·∫ø,5853.0,78
DynYouth,VN,25274,71,119038861,1546874645,58,28,1209,71,4.75543,TP. H·ªì Ch√≠ Minh,10727.0,96
reddog.vn,VN,1668,15,398744646,1615089055,23,8,655,15,4.810089,TP. H·ªì Ch√≠ Minh,14253.0,53
Sometime store,VN,1992,37,393195691,1614270043,11,5,559,37,4.86036,H√† N·ªôi,13821.0,52
TMT House Shop,VN,109,2940,696146798,1645548069,2,1,16,2940,4.578947,TP. H·ªì Ch√≠ Minh,2331.0,94
Aosy Store,VN,7102,97,806286261,1656517625,1,0,171,97,4.978873,H√† N·ªôi,8764.0,94
NhuLii Official,VN,424,25,795405004,1655282004,0,0,31,25,5.0,B√† R·ªãa - V≈©ng T√†u,2563.0,100
StyleMarven - Qu·∫ßn √°o Unisex,VN,12517,330,445450015,1621245911,2133,2093,19882,330,4.33182,H√† N·ªôi,12344.0,77
Baby Club,VN,140290,2015,309936854,1600139645,424,184,71012,2015,4.963479,Qu·ªëc T·∫ø,11984.0,74
we.studio,VN,103,8,882798459,1665672679,0,0,10,8,4.9,H√† N·ªôi,,57
viettrang5,VN,153,153,159982252,1562168435,6,3,503,153,4.930185,TP. H·ªì Ch√≠ Minh,8917.0,87
JUN STORE ONE,VN,2213,49,113336717,1544594814,26,10,331,49,4.69697,H√† N·ªôi,9211.0,87
Thi√™n ya Mother v√† Baby Boutiq,VN,2102,281,639106960,1640699404,4,3,337,281,4.887574,Qu·ªëc T·∫ø,4708.0,85
HaDoChi Mart,VN,235,24,398902217,1615111242,5,0,145,24,4.888889,H√† N·ªôi,8119.0,45
R√©o_R√©o,VN,2125,70,297410597,1597569095,23,14,973,70,4.846701,TP. H·ªì Ch√≠ Minh,11060.0,43
Ng·ªçc Loan Shop,VN,629,124,201314688,1574176011,17,3,643,124,4.882629,TP. H·ªì Ch√≠ Minh,3333.0,94
Bleubird,VN,63123,104,238031146,1584846738,161,19,8981,104,4.911703,H√† N·ªôi,11260.0,89
AMILA_officialstore,VN,9693,530,619025298,1639107511,60,34,3209,528,4.820563,Qu·ªëc T·∫ø,10380.0,87
OBOKFASHION,VN,965,157,458740809,1622807266,16,8,1112,157,4.881956,TP. H·ªì Ch√≠ Minh,1211.0,100
Sgenz Studio,VN,12814,56,507069699,1628416934,224,99,4907,56,4.770789,H√† N·ªôi,9868.0,67
„ÄêANNE„ÄëTh·ªùi Trang N·ªØ,VN,808,342,242493546,1586225391,41,19,435,342,4.565126,Qu·ªëc T·∫ø,7237.0,80
Shop¬†c·ªßa Hi·∫øu,VN,4346,120,595957949,1637225176,28,11,675,120,4.818312,B·∫Øc Ninh,4974.0,89
myah.shop7,VN,782,290,168589728,1565150269,1,0,336,290,4.978979,H√† N·ªôi,8459.0,90
BoMbShop,VN,2097,153,37994796,1507535688,7,3,530,153,4.900749,TP. H·ªì Ch√≠ Minh,14980.0,65
1st clothes,VN,2258,287,489887634,1626311398,109,52,1812,287,4.6449,H√† N·ªôi,21348.0,41
JUNILA,VN,15347,53,468352627,1623840303,63,8,6886,53,4.958185,H√† N·ªôi,9559.0,73
nana21,VN,194258,776,29510391,1501711516,542,155,20762,776,4.870969,H√† N·ªôi,8044.0,95
1M60 STORE,VN,1368,113,613948412,1638701053,99,37,1815,113,4.733122,H√† N·ªôi,6974.0,90
Kandy Shop - Th·ªùi Trang N·ªØ,VN,389,35,299201959,1597948338,5,3,102,35,4.731481,H√† N·ªôi,6444.0,92
CADO FASHION,VN,4520,198,754336836,1650611424,9,10,438,198,4.826374,TP. H·ªì Ch√≠ Minh,11059.0,75
cinder.club,VN,76213,16,106844825,1542815907,207,55,9819,16,4.887226,TP. H·ªì Ch√≠ Minh,11563.0,80
januanuei.vn,VN,180,64,815510733,1657510147,9,12,58,64,4.126582,Qu·ªëc T·∫ø,19221.0,55
Buonchina.NgocDiepTran,VN,946,72,502966441,1627980649,11,1,271,72,4.866906,L·∫°ng S∆°n,6019.0,93
QUINT¬†:)),VN,3135,64,616142394,1638877224,6,3,84,64,4.549296,H√† N·ªôi,11074.0,7
Doris.clothing,VN,11847,56,263671082,1589779582,27,6,608,56,4.806874,H√† N·ªôi,5004.0,82
Domicoo Pet Shop,VN,630,330,593600431,1637027007,1,0,104,330,4.942857,Qu·ªëc T·∫ø,7101.0,97
Lan.ord68,VN,1502,71,129061585,1551022640,19,0,826,71,4.897467,H√† N·ªôi,14500.0,88
fighting1874.vn,VN,225,75,616030087,1638869536,2,1,68,75,4.828571,Qu·ªëc T·∫ø,9933.0,70
Cherine,VN,11229,54,33445431,1504622873,14,2,447,54,4.87041,H√† N·ªôi,8930.0,85
Th·ªùi trang n·ªØ BONG'S SHOP,VN,6399,201,440444452,1620567622,180,74,3127,201,4.710046,Th√°i Nguy√™n,8208.0,66
Tr·∫ßn¬†Nghi¬†House,VN,801,545,628996984,1639797907,2,0,66,545,4.940299,An Giang,3398.0,70
Ph·ª• Li·ªáu May T√πng S∆°n,VN,41,137,560268001,1633880151,1,2,127,137,4.912,Nam ƒê·ªãnh,10831.0,85
lt_unisex,VN,6632,64,130489593,1551541587,9,8,588,64,4.879661,TP. H·ªì Ch√≠ Minh,15636.0,74
NN STORE CHUY√äN S·ªà,VN,40225,1721,307556974,1599655966,199,74,13761,1721,4.919697,C·∫ßn Th∆°,8772.0,99
Today U Wear,VN,39907,63,27395297,1499656767,36,7,1610,63,4.906948,H√† N·ªôi,574.0,95
jinshao.vn,VN,103,839,728809390,1648103440,4,2,72,839,4.75641,Qu·ªëc T·∫ø,10032.0,69
Meii Store,VN,16697,128,401437034,1615474110,92,36,5184,128,4.881193,H√† N·ªôi,11472.0,49
BabymoonShop,VN,1900,758,10397934,1474989881,17,4,1251,758,4.927769,B·∫Øc Giang,3156.0,97
aokhoacjk,VN,24331,60,145071196,1557149692,186,43,21241,60,4.943445,TP. H·ªì Ch√≠ Minh,17940.0,81
M.B.C Apparel,VN,55210,37,463015041,1623229128,104,18,7716,37,4.928351,TP. H·ªì Ch√≠ Minh,6204.0,95
LANA FASHION,VN,7172,1770,117774125,1546339914,641,654,6644,1770,4.40451,TP. H·ªì Ch√≠ Minh,7771.0,83
X∆∞·ªüng May Kh√°nh Linh91,VN,35940,349,357678704,1608012618,631,394,17197,349,4.79404,H√† N·ªôi,7304.0,82
chinstoreunisex,VN,1190,101,585563025,1636430781,32,23,1167,101,4.821828,Nam ƒê·ªãnh,8358.0,72
Lovadova,VN,44963,733,19334614,1490933410,48,7,1708,733,4.873556,TP. H·ªì Ch√≠ Minh,7446.0,34
Ao BTS BLACKPINK hot,VN,1188,229,214080055,1577348612,19,3,462,229,4.807388,H√† N·ªôi,4988.0,79
Mi·ªÅu Fashionista,VN,49454,347,1511631,1446622080,172,34,6429,347,4.877679,TP. H·ªì Ch√≠ Minh,6950.0,98
T·ªïng Kho MEXI,VN,32968,42,424559387,1618573651,43,24,2005,42,4.859191,H√† N·ªôi,9560.0,68
thongoc8688,VN,4815,62,79985433,1531939709,16,6,1613,62,4.948254,H√† N·ªôi,6764.0,88
yangjun1688.vn,VN,2121,112,771116747,1652487544,9,1,154,112,4.792683,Qu·ªëc T·∫ø,7895.0,89
BESTBOYS - TH·ªúI TRANG QU·ªêC D√ÇN,VN,7486,73,403442653,1615782451,49,41,3204,73,4.859172,H√† N·ªôi,5484.0,99
Fiona.store,VN,732,1094,562042831,1634047487,8,3,82,1094,4.634409,Qu·∫£ng Ninh,4512.0,90
Ti·ªám c·ªßa Zhen,VN,424,185,698942721,1645796057,10,1,148,185,4.791139,H√† N·ªôi,11254.0,89
juong.gg,VN,5873,52,216644357,1578187355,1,0,137,52,4.941606,B·∫Øc Ninh,6851.0,90
B·ªêNG STORE <3,VN,183928,587,417241850,1617587926,5157,2045,90057,587,4.72108,Thanh H√≥a,16547.0,84
Auto.XINH,VN,121,32,861851812,1662879516,1,0,59,32,4.892857,H√† N·ªôi,3807.0,76
T·ªïng Kho B√πi Huy·ªÅn,VN,79370,281,40478304,1509080306,184,82,8311,281,4.880231,H√† N·ªôi,13673.0,78
RAPITAL3645,VN,264,1000,473499583,1624454904,5,8,118,1000,4.594595,H√† N·ªôi,,57
pupuchan,VN,2028,22,13493898,1481181560,6,2,641,22,4.951563,Ninh B√¨nh,2065.0,47
TEE AYY Store,VN,8203,27,590781324,1636776327,76,37,2053,27,4.779859,H√† N·ªôi,18749.0,23
Win Store shop 37,VN,1096,28,352702865,1607473103,6,0,38,28,4.704545,Ngh·ªá An,11313.0,36
Sam - √Åo kho√°c th·ªÉ thao,VN,109,9,803275456,1656206205,2,0,338,9,4.951613,H√† N·ªôi,10222.0,90
No1 Blue,VN,10202,24,823526574,1658411343,1,4,118,24,4.625,TP. H·ªì Ch√≠ Minh,5493.0,97
LuxryBaby,VN,4467,83,418010203,1617693223,18,6,1127,83,4.913901,TP. H·ªì Ch√≠ Minh,4684.0,100
Qu·ª≥nh Anh Shinn,VN,11006,38,130149472,1551426549,108,23,3110,38,4.805758,H√† N·ªôi,6195.0,93
Obee's Closet - Shop M·∫π v√† B√©,VN,7915,53,47818419,1513128285,13,13,2037,53,4.95048,TP. H·ªì Ch√≠ Minh,7770.0,97
Mitout.studio8,VN,248,9,861918201,1662887277,0,3,29,9,4.5625,H√† N·ªôi,7867.0,56
V√°y Ti·ªÉu Th∆∞,VN,486,111,156705851,1561011663,42,18,416,111,4.563291,Th√°i Nguy√™n,5511.0,85
duongthainguyen82,VN,6106,346,266441344,1590409713,14,7,603,346,4.872786,Th√°i Nguy√™n,4839.0,75
Fashion shoe store 857,VN,651,675,638589658,1640661879,30,17,403,675,4.638202,Qu·ªëc T·∫ø,21706.0,88
ATMAN,VN,6736,54,797949148,1655559595,192,45,7030,54,4.855721,H√† N·ªôi,2055.0,100
HADI DESIGN,VN,3694,88,450404849,1621856866,5,3,565,88,4.911348,B√¨nh D∆∞∆°ng,10353.0,85
MISS.NACI,VN,6162,34,153253560,1559698147,10,9,590,34,4.863105,H√† N·ªôi,9193.0,60
PTZ.sg,VN,12574,50,782549849,1653836070,94,30,2490,50,4.791838,TP. H·ªì Ch√≠ Minh,2933.0,98
satan's wardrobe,VN,486,14,352872123,1607493215,0,0,25,14,5.0,TP. H·ªì Ch√≠ Minh,4401.0,70
Ti·ªám Nh√† Oni,VN,1823,20,81504801,1532737058,1,0,145,20,4.985294,H√† N·ªôi,507.0,98
shop th·ªùi trang n·ªØ Sumi House,VN,25262,653,39720376,1508597768,174,74,6679,653,4.859809,TP. H·ªì Ch√≠ Minh,1727.0,95
Shop B√© X√≠u,VN,296,244,65618414,1524034535,4,0,594,244,4.97007,TP. H·ªì Ch√≠ Minh,6064.0,80
H&P_STORE,VN,16459,24,747721064,1649962734,8,1,210,24,4.893023,H√† N·ªôi,3826.0,75
hgwtnykj1.vn,VN,95026,4148,406351322,1616118072,424,251,9489,4148,4.761006,Qu·ªëc T·∫ø,12875.0,68
hsmyfz4.vn,VN,2383,288,751643808,1650366605,47,24,728,288,4.675573,Qu·ªëc T·∫ø,4993.0,87
haianhhstore.hn,VN,27912,174,51066607,1515112428,332,140,6256,174,4.731225,H√† N·ªôi,9324.0,81
N&F Th·ªùitrang L√†mƒë·∫πp shop,VN,1834,75,86643279,1535451918,30,17,906,75,4.78953,Qu·ªëc T·∫ø,8882.0,47
jin.shop94,VN,183,274,100615938,1541089390,13,6,335,274,4.8,H√† N·ªôi,11369.0,80
XOXO Unisex69,VN,5094,71,252680224,1587533219,300,161,4210,71,4.576602,H√† N·ªôi,9558.0,89
UNI6 Clothes,VN,1918,6,859714568,1662652306,0,1,59,6,4.932203,H√† N·ªôi,11836.0,85
chaiko.studio,VN,7992,108,21714915,1493917672,11,5,1346,108,4.93299,H√† N·ªôi,7978.0,74
ZANISTO.VN,VN,329,79,324062232,1602939478,2,0,56,79,4.827586,H√† N·ªôi,9241.0,61
Ph·∫°m Trung Store,VN,87,6,780312088,1653558693,4,1,9,6,4.0,Th√°i B√¨nh,12678.0,67
aokhoaclentrungniennu,VN,175,56,492100584,1626593631,13,7,234,56,4.694444,H√† N·ªôi,12091.0,79
BAOBAO_OFFICIAIL,VN,47,71,844441500,1660815243,0,0,14,71,5.0,H√† N·ªôi,,57
T·ªÖu369,VN,2422,315,453142782,1622179871,2,3,143,315,4.773196,B·∫Øc Giang,5143.0,96
Changkids96,VN,6308,113,31755839,1503495478,9,6,339,113,4.835227,Thanh H√≥a,5407.0,81
RiTaShop Th·ªùi Trang Nam,VN,2754,27,838765431,1660131764,0,0,50,27,5.0,H√† N·ªôi,5111.0,91
Th·ªùiTrangUnisex_Oficial,VN,4711,40,294089366,1596860414,10,19,620,40,4.682353,H·∫£i D∆∞∆°ng,9272.0,81
Shop Mimi 56,VN,621,17,581348650,1636017351,18,10,85,17,4.160714,H√† N·ªôi,11796.0,14
√Åo kho√°t ƒë·∫πp,VN,611,140,156627966,1560983196,26,8,602,140,4.815832,TP. H·ªì Ch√≠ Minh,16169.0,84
bigsize.92,VN,14261,85,432476113,1619608407,5,0,376,85,4.944444,H√† N·ªôi,5133.0,93
C·ª≠a h√†ng qu·∫ßn √°o Asuka.vn,VN,107,374,728063530,1648032962,1,1,53,374,4.884615,Qu·ªëc T·∫ø,19528.0,80
HONEY  Official store,VN,4128,297,339719366,1605499787,9,0,286,297,4.848276,H√† N·ªôi,2284.0,75
Qu·∫ßn √°o tr·∫ª em Xu Xu Kids,VN,107170,192,575861,1441248868,76,33,12362,192,4.941087,B·∫Øc Ninh,7854.0,92
KD KIDS,VN,211,24,743083728,1649499030,5,0,169,24,4.870588,H√† N·ªôi,3591.0,92
X∆∞·ªüng May DCS,VN,63553,131,277394200,1592903846,587,209,10685,131,4.738772,H√† N·ªôi,10574.0,71
Mon Kids 6789,VN,1035,42,244219833,1586680214,0,0,32,42,5.0,H√† N·ªôi,1839.0,65
X∆Ø·ªûNG TH·ªúI TRANG ANNAKIDS,VN,1276,316,442837949,1620891717,30,8,493,316,4.764023,H√† N·ªôi,13153.0,61
Codaiduongshop,VN,183045,2137,95966193,1539339673,1074,317,49001,2137,4.885546,H√† Nam,11006.0,94
Tr·∫ßn Th·ªã Th∆°m Chuy√™n S·ªâ,VN,5067,526,177252314,1567930674,52,30,2048,526,4.840643,Th·ª´a Thi√™n Hu·∫ø,13294.0,79
Trendly_store2,VN,10087,18,137527325,1554185997,7,3,440,18,4.8375,Nam ƒê·ªãnh,9372.0,98
NY NA STORE,VN,1828,1584,103212740,1541857942,50,42,471,1584,4.426471,TP. H·ªì Ch√≠ Minh,12983.0,81
Cam.Collection,VN,95,42,688774857,1644916535,2,0,270,42,4.963235,TP. H·ªì Ch√≠ Minh,12052.0,74
CMM OFFICIAL,VN,1741,16,319299623,1602072852,1,1,32,16,4.764706,TP. H·ªì Ch√≠ Minh,5010.0,87
TXR.THOXRI,VN,60878,55,150442729,1558710459,118,28,6033,55,4.903909,TP. H·ªì Ch√≠ Minh,3639.0,97
Men_Clothing,VN,5482,208,608359178,1638279489,250,142,4319,208,4.679228,H√† N·ªôi,10538.0,97
fashion_just4teen,VN,5665,119,234487532,1583744093,3,1,98,119,4.820513,ƒê·ªìng Nai,16841.0,9
Decima Th·ªùi Trang VNXK,VN,4005,107,159194026,1561901690,205,182,2471,107,4.507042,H√† N·ªôi,10669.0,73
Y A N S O O,VN,60221,493,32415652,1503966127,265,135,7758,493,4.799601,H√† N·ªôi,5211.0,97
Nihao_Room,VN,1136,42,840679308,1660368957,1,0,81,42,4.965517,H√† N·ªôi,1581.0,96
MyMy Baby,VN,2456,1015,297412990,1597569536,18,3,660,1015,4.878971,TP. H·ªì Ch√≠ Minh,7480.0,89
LunaStore135,VN,1446,151,693405723,1645321796,7,5,317,151,4.825658,H√† N·ªôi,19087.0,35
Men_Store17,VN,1328,203,675010418,1643787141,108,88,1243,203,4.47397,H√† N·ªôi,10043.0,96
Ivy_moda8,VN,169,8,881826189,1665548977,2,0,16,8,4.555556,H√† N·ªôi,12179.0,5
Tolaso Tolaso,VN,13235,255,132522968,1552231100,207,83,10982,255,4.901082,H√† N·ªôi,7438.0,96
THENOOB.VN,VN,46067,1322,41235750,1509584469,80,35,3790,1322,4.873065,H√† N·ªôi,5591.0,97
Th·ªùi Trang Hottrend 668,VN,235,434,718192566,1647343333,20,13,210,434,4.489451,H√† N·ªôi,8121.0,84
Kho S·ªâ & L·∫ª H∆∞·ªõng D∆∞∆°ng,VN,3172,139,77374369,1530591304,37,16,969,139,4.824631,TP. H·ªì Ch√≠ Minh,9260.0,77
lilyboutique03,VN,17775,500,152750828,1559474655,13,6,1373,500,4.931358,H√† N·ªôi,5347.0,98
Luckykids_01,VN,1903,56,68960411,1525971410,26,8,1034,56,4.884872,H√† N·ªôi,10397.0,50
Aristino Flagship Store,VN,1617,391,121614502,1547977125,7,4,226,391,4.831897,H√† N·ªôi,6118.0,88
vn_ruby,VN,11419,6,225553095,1581002312,3,0,666,6,4.974563,H√† N·ªôi,1801.0,75
Men's shirts.ÔºÅ,VN,90,957,799904916,1655796218,5,15,49,957,3.939394,Qu·ªëc T·∫ø,7201.0,68
eastwinding.vn,VN,3039,1570,521000401,1629947829,26,9,967,1570,4.863041,Qu·ªëc T·∫ø,11617.0,64
kingmensport,VN,1791,210,181620148,1569151345,25,8,541,210,4.797178,H√† N·ªôi,4600.0,85
HIYU 66 STORE,VN,324,1238,332331884,1604476502,32,44,422,1238,4.42437,TP. H·ªì Ch√≠ Minh,13290.0,84
GHDY..,VN,102,914,820936338,1658128049,4,1,26,914,4.428571,Qu·ªëc T·∫ø,2673.0,67
linh68_store,VN,114,73,491854038,1626562034,3,2,86,73,4.795455,H√† N·ªôi,13909.0,65
quniu2022.vn,VN,14,75,803968355,1656287626,6,0,26,75,4.625,Qu·ªëc T·∫ø,9305.0,71
SAIGONJEAN,VN,22563,134,70910977,1527088919,177,24,11157,134,4.922973,TP. H·ªì Ch√≠ Minh,8596.0,95
Aoin3D - Anh in √°o MrPrits,VN,1567,118,52367145,1515922555,68,34,2306,118,4.80704,H√† N·ªôi,5682.0,87
Bi Kids - Th·ªùi trang tr·∫ª em,VN,1339,19,839215206,1660188850,0,0,60,19,4.982456,H√† N·ªôi,12200.0,90
Shopunisex914,VN,482,30,293828269,1596805353,43,24,2934,30,4.811424,H√† N·ªôi,2425.0,97
Lebaby.vn,VN,5674,317,381761001,1612167839,96,53,2353,317,4.798116,Qu·ªëc T·∫ø,6893.0,73
Focus Clothing,VN,8739,181,798651844,1655647031,71,24,1591,181,4.790614,Th√°i Nguy√™n,7752.0,96
√Åo kho√°c Thanh Xu√¢n Store,VN,9544,330,62621191,1522170546,287,131,6988,330,4.766832,TP. H·ªì Ch√≠ Minh,1581.0,98
Thoi_trang_cao_cap_BLX,VN,1960,48,294316571,1596887594,0,0,442,48,4.997494,Nam ƒê·ªãnh,5493.0,96
Remy Order,VN,1736,189,15603624,1485237227,0,0,75,189,4.96,H√† N·ªôi,11870.0,82
Th·ªùi Trang Cao C·∫•p XT,VN,3606,98,14353772,1482871182,10,10,1191,98,4.868668,H√† N·ªôi,4139.0,91
4Lucky,VN,77610,60,272367021,1591676549,258,67,13783,60,4.903448,TP. H·ªì Ch√≠ Minh,7258.0,97
Children's clothing@#~,VN,537,886,799758785,1655781275,0,4,67,886,4.720588,Qu·ªëc T·∫ø,4989.0,88
Minishop628,VN,269,425,26397731,1498472837,16,12,291,425,4.661238,H√† Nam,7422.0,95
KUDOSHOP01,VN,28479,375,202980964,1574690328,967,415,13799,375,4.648292,H√† N·ªôi,15141.0,60
HeraDG Official Store,VN,25421,628,219829257,1579159417,32,20,2056,628,4.886893,H√† N·ªôi,5071.0,99
greenbit.vn,VN,5896,594,83063990,1533536763,60,16,1612,594,4.82661,Qu·ªëc T·∫ø,14797.0,70
IQ Angel,VN,4918,283,619024808,1639107477,32,20,2194,283,4.842798,Qu·ªëc T·∫ø,9135.0,86
naomi.hn,VN,5314,135,739670185,1649141872,19,3,1942,135,4.940819,H√† N·ªôi,1652.0,100
FashionQT,VN,5427,90,44695900,1511434858,216,82,7632,90,4.847868,H√† N·ªôi,1026.0,86
Fashionable house,VN,566,734,832267574,1659424613,2,2,36,734,4.763158,Qu·ªëc T·∫ø,9698.0,95
X∆Ø·ªûNG IN S·ªà L·∫∫,VN,4254,4321,263073233,1589640107,951,861,6982,4321,4.268176,H√† N·ªôi,14801.0,27
Nga Bi Shop,VN,1291,344,180231551,1568711953,3,1,517,344,4.954635,H√† N·ªôi,1234.0,98
IMO KIDS SHOP,VN,5790,200,4485436,1459797223,14,4,1916,200,4.964286,ƒê·ªìng Nai,3658.0,100
miganto,VN,11061,375,601843958,1637740502,10,2,788,375,4.933584,TP. H·ªì Ch√≠ Minh,5011.0,94
Fias Clothing store,VN,3275,792,285431811,1594801371,34,25,772,792,4.749086,Qu·ªëc T·∫ø,3187.0,93
Sora.b√©b√© - Th·ªùi Trang Tr·∫ª Em,VN,307,25,866680690,1663514699,0,0,472,25,5.0,H√† N·ªôi,1890.0,92
√Åo Thun ToLi Official,VN,60868,268,406714614,1616163369,46,12,5564,268,4.953252,TP. H·ªì Ch√≠ Minh,2840.0,100
COOL STORE - FASHION,VN,5864,107,753695314,1650545312,72,23,1811,107,4.78328,ƒê·∫Øk N√¥ng,6413.0,95
Th√πy V√¢n - Ch√¢n v√°y cao c·∫•p,VN,3095,95,132245841,1552135385,26,5,1579,95,4.918043,B·∫Øc Ninh,1663.0,94
DISONJS-Th·ªùi trang c·ªßa ph·ª• n·ªØ,VN,30724,556,476682976,1624864591,206,164,4015,556,4.690241,Qu·ªëc T·∫ø,22111.0,45
GennZ¬†fashion,VN,5,72,256173753,1588303162,0,0,3,72,5.0,H√† N·ªôi,66.0,86
ƒê·ªì s∆° sinh Sunny,VN,1919,705,20060561,1491830853,44,11,4510,705,4.941845,TP. H·ªì Ch√≠ Minh,7100.0,100
chubbiestore,VN,83745,57,45657418,1512014935,200,54,11784,57,4.910253,H√† N·ªôi,6187.0,90
Hana 68 hana,VN,51098,30,320067637,1602225968,7,1,1055,30,4.965206,H√† N·ªôi,1837.0,91
Amun Pet Shop-Qu·∫ßn √Åo Th√∫ C∆∞ng,VN,19321,97,492167840,1626602335,5,4,1251,97,4.965406,H√† N·ªôi,2485.0,98
Clara.Design,VN,1043,42,38901649,1508072148,0,1,149,42,4.946154,H√† N·ªôi,1596.0,90
giayhanoi_29,VN,1242,119,220327433,1579319456,163,137,2108,119,4.516202,H·∫£i D∆∞∆°ng,11416.0,79
30may.studio,VN,10273,209,87639161,1535879917,46,16,1320,209,4.821739,H·∫£i Ph√≤ng,16384.0,48
menglakeji.vn,VN,132,626,832848431,1659493244,1,0,10,626,4.545455,Qu·ªëc T·∫ø,8816.0,95
22.Nastore,VN,35140,107,68143471,1525499282,81,36,2403,107,4.802251,TP. H·ªì Ch√≠ Minh,5397.0,86
Hoaanh@shop,VN,1021,19,398680662,1615079704,23,20,135,19,4.107955,Thanh H√≥a,4718.0,87
aokhoactika,VN,45,5,842294060,1660564636,0,0,39,5,5.0,TP. H·ªì Ch√≠ Minh,1455.0,90
B·∫£o B·∫£o  Clothes,VN,170924,368,446209337,1621343437,260,106,2902,368,4.605647,Th√°i B√¨nh,6337.0,92
Children's clothingÔºà.,VN,126,994,844351280,1660804694,0,0,13,994,4.923077,Qu·ªëc T·∫ø,6683.0,89
HO√ÄI AN 888,VN,16,349,687559887,1644816242,0,0,9,349,4.888889,H√† N·ªôi,10146.0,93
Diamond304,VN,5475,417,70244831,1526744330,34,14,1312,417,4.848214,H√† N·ªôi,2848.0,91
Ng·ªçc Anhh's,VN,8811,34,36511997,1506596067,9,4,655,34,4.917431,B·∫Øc Ninh,7622.0,89
Colory Shop,VN,1021,240,94442942,1538702507,17,7,778,240,4.883268,TP. H·ªì Ch√≠ Minh,12411.0,80
CHUY√äN S·ªà - MEOW STORE,VN,4101,236,31382371,1503204761,89,41,3227,236,4.833636,ƒê·∫Øk N√¥ng,8905.0,71
yangzimo.vn,VN,5926,370,369241086,1609991736,70,37,1229,370,4.715267,Qu·ªëc T·∫ø,15431.0,36
Shop t√≠t,VN,2237,262,46790530,1512640017,2,1,733,262,4.972337,H√† N·ªôi,6407.0,72
King168 Store,VN,28623,399,60232394,1520780203,480,239,16148,399,4.837883,TP. H·ªì Ch√≠ Minh,8491.0,94
Haders.Shop,VN,600,6,882599682,1665651107,0,0,4,6,5.0,H√† N·ªôi,18566.0,3
Lichiho offical store,VN,2116,127,491104466,1626453733,33,9,2692,127,4.864922,TP. H·ªì Ch√≠ Minh,13935.0,30
YOGYSTORE,VN,6143,188,254634599,1587975865,4,1,1061,188,4.977821,TP. H·ªì Ch√≠ Minh,1430.0,89
PIOUS FASHION,VN,12236,297,37123756,1507009254,794,471,11878,297,4.640016,TP. H·ªì Ch√≠ Minh,10020.0,53
GRAY MAX,VN,200,25,724409029,1647834439,3,1,160,25,4.907285,H√† N·ªôi,1919.0,97
KT OFFICIAL STORE,VN,999,223,712659537,1646908152,23,22,184,223,4.320175,Qu·ªëc T·∫ø,7222.0,90
minkymomshop,VN,6064,29,59581365,1520401303,19,6,1476,29,4.943475,TP. H·ªì Ch√≠ Minh,3115.0,97
purplepassion,VN,3560,979,90156846,1536739627,31,29,1540,972,4.850756,Qu·ªëc T·∫ø,13017.0,68
ZCITY,VN,31,147,830074752,1659164550,1,0,180,147,4.951807,H√† N·ªôi,18201.0,44
Bernice Brand,VN,18935,39,274339365,1592139615,14,8,1986,39,4.942529,TP. H·ªì Ch√≠ Minh,14629.0,42
bao_thoa_1993,VN,550,25,28057172,1500351256,0,0,28,25,4.9375,Ti·ªÅn Giang,16583.0,57
Con Xinh - Th·ªùi trang cho B√©,VN,16540,194,63834514,1522919208,73,8,9816,194,4.957727,TP. H·ªì Ch√≠ Minh,6744.0,89
Maden Official Store,VN,13004,818,402798286,1615694336,23,12,1232,818,4.883797,Qu·ªëc T·∫ø,3367.0,96
Jogger Store ,VN,4578,51,150271358,1558687419,9,2,481,51,4.900621,TP. H·ªì Ch√≠ Minh,4268.0,67
khanhngojc1234,VN,3600,26,170288047,1565752507,19,6,454,26,4.817787,H√† N·ªôi,4741.0,88
4gn98cf4.vn,VN,606,346,733554722,1648546153,8,1,79,346,4.704545,Qu·ªëc T·∫ø,11114.0,98
Alien_baby27,VN,2571,80,115898737,1545446903,13,2,998,80,4.928713,TP. H·ªì Ch√≠ Minh,9488.0,61
LOZA,VN,56068,152,31297326,1503127694,134,40,9942,152,4.919305,H√† N·ªôi,9250.0,81
lanshopvnxk1,VN,86797,1349,201075923,1574134474,377,178,12866,1349,4.838276,H√† N·ªôi,8666.0,71
foulplaystudio,VN,10260,12,46538897,1512492469,49,14,1363,12,4.826977,TP. H·ªì Ch√≠ Minh,6338.0,82
AMMOfficial,VN,2355,114,392456902,1614153405,4,2,151,114,4.871795,H√† N·ªôi,7548.0,45
Lee21store,VN,21521,80,450572452,1621873065,6,9,635,80,4.730942,H√† N·ªôi,1263.0,80
Roy Design,VN,768,17,149589920,1558524429,3,2,194,17,4.888325,B·∫Øc Giang,1003.0,100
Baby Kisd.HN,VN,2307,148,44841291,1511524455,4,2,100,148,4.8,H√† N·ªôi,4032.0,92
Th·ªùi Trang Qu·∫£ng Ch√¢u by Chang,VN,1873,173,16820273,1487485884,2,3,178,173,4.885246,TP. H·ªì Ch√≠ Minh,3265.0,90
OLABEN,VN,4620,192,154627497,1560231152,0,2,226,192,4.933333,TP. H·ªì Ch√≠ Minh,12064.0,68
T·ªïng Kho Y·∫øn Tr·∫ßn HN,VN,41485,390,26039302,1497955929,612,256,12995,390,4.769289,H√† N·ªôi,11753.0,41
ISME - inspireme,VN,20633,25,349728065,1607008267,4,0,316,25,4.936306,TP. H·ªì Ch√≠ Minh,2795.0,98
cbjsgyd3.vn,VN,19,31,815511006,1657510174,2,1,12,31,4.214286,Qu·ªëc T·∫ø,24738.0,56
B·∫£o An shop (qu·∫ßn √°o gi√° s·ªâ),VN,333148,1038,126910133,1550342848,3700,1579,145410,1038,4.863712,TP. H·ªì Ch√≠ Minh,7925.0,97
CocoStore,VN,39161,415,23423205,1495790443,123,45,6633,415,4.888716,TP. H·ªì Ch√≠ Minh,2961.0,99
Stormi.st,VN,930,86,785411531,1654154922,12,8,331,86,4.763006,H√† N·ªôi,9479.0,95
d√†nh cho em b√©,VN,293,121,780821021,1653623982,18,5,1171,121,4.91962,Qu·ªëc T·∫ø,1557.0,94
Chivalry_warehouse,VN,3742,10,617566820,1638981510,4,3,204,10,4.886256,TP. H·ªì Ch√≠ Minh,11340.0,87
TI·ªÇU MIU BOUTIQUE,VN,2296,180,106887055,1542850795,4,1,180,180,4.875676,S∆°n La,6020.0,89
